Proton Cal,
Time (s),Intensity (a.u.)
0.100000002,82.24020386
0.300000012,82.87042999
0.5,81.74032593
0.699999988,82.80050659
0.900000036,82.08214569
1.100000024,82.84005737
1.300000072,82.2361908
1.5,81.51721954
1.700000048,82.98234558
1.899999976,82.80710602
2.100000143,82.42609406
2.299999952,82.44295502
2.5,83.08531952
2.700000048,82.83999634
2.900000095,82.8422699
3.100000143,83.57125092
3.299999952,82.37711334
3.5,82.13922882
3.700000048,83.25384521
3.900000095,82.35902405
4.099999905,82.3248291
4.300000191,80.89009857
4.5,82.14906311
4.700000286,82.02488708
4.900000095,82.97206116
5.099999905,82.90348053
5.300000191,82.97412872
5.5,82.31757355
5.700000286,82.90139771
5.900000095,82.7124176
6.099999905,83.20755768
6.300000191,81.44839478
6.5,82.37667847
6.700000286,83.02411652
6.900000095,82.47164154
7.099999905,81.07463837
7.300000191,82.40487671
7.5,82.73313904
7.700000286,81.90718842
7.900000095,83.1049118
8.100000381,82.92157745
8.300000191,82.6129837
8.5,82.09233093
8.699999809,83.36556244
8.900000572,83.0739212
9.100000381,82.88232422
9.300000191,82.70597839
9.5,82.27111053
9.699999809,83.27437592
9.900000572,82.76707458
10.10000038,82.60927582
10.30000019,82.96246338
10.5,82.1703949
10.69999981,83.36266327
10.90000057,82.09975433
11.10000038,83.16461945
11.30000019,83.27732086
11.5,82.75458527
11.69999981,82.18389893
11.90000057,83.29444122
12.10000038,82.3446579
12.30000019,82.39641571
12.5,82.30238342
12.69999981,83.1756897
12.90000057,82.58657074
13.10000038,83.30275726
13.30000019,82.03822327
13.5,82.81354523
13.69999981,83.04544067
13.90000057,83.82196808
14.10000038,82.38933563
14.30000019,82.19548798
14.5,82.19521332
14.69999981,83.93386841
14.90000057,83.06603241
15.10000038,83.11754608
15.30000019,82.95067596
15.5,83.05841827
15.69999981,82.79356384
15.90000057,82.45748138
16.10000038,82.55950928
16.30000114,83.05051422
16.5,82.6567688
16.70000076,82.92954254
16.89999962,83.49783325
17.10000038,82.18458557
17.30000114,82.56176758
17.5,83.5712204
17.70000076,82.49430084
17.89999962,82.66542053
18.10000038,83.27346802
18.30000114,82.85002899
18.5,83.35829926
18.70000076,82.75152588
18.89999962,83.41251373
19.10000038,81.98002625
19.30000114,82.79550934
19.5,82.889328
19.70000076,82.63871002
19.89999962,83.21762085
20.10000038,81.96513367
20.30000114,83.15590668
20.5,82.79680634
20.70000076,82.37252045
20.89999962,82.42639923
21.10000038,82.88957977
21.30000114,82.42417908
21.5,83.1736908
21.70000076,82.07091522
21.89999962,82.7870636
22.10000038,82.03112793
22.30000114,82.64822388
22.5,82.41952515
22.70000076,81.92417908
22.89999962,80.99591064
23.10000038,82.64155579
23.30000114,83.71633148
23.5,83.11559296
23.70000076,82.52238464
23.89999962,83.29853821
24.10000038,82.61971283
24.30000114,83.12226868
24.5,81.78218079
24.70000076,83.1025238
24.89999962,83.21417999
25.10000038,82.61649323
25.30000114,82.72367859
25.5,83.12381744
25.70000076,81.53034973
25.89999962,81.9212265
26.10000038,83.2902298
26.30000114,83.5317688
26.5,81.61228943
26.70000076,83.32054138
26.89999962,83.0414505
27.10000038,83.60479736
27.30000114,81.95453644
27.5,83.69747162
27.70000076,83.03356934
27.89999962,83.28936005
28.10000038,83.32174683
28.30000114,85.07987213
28.5,83.66203308
28.70000076,83.5370636
28.89999962,84.27328491
29.10000038,84.92642212
29.30000114,85.50475311
29.5,84.99513245
29.70000076,85.89476776
29.89999962,86.37091827
30.10000038,87.02568054
30.30000114,87.20829773
30.5,87.62640381
30.70000076,87.97245026
30.89999962,88.29450226
31.10000038,89.21807861
31.30000114,88.18022919
31.5,88.37672424
31.70000076,88.92854309
31.89999962,88.49660492
32.10000229,89.48944092
32.29999924,88.77719879
32.5,88.8567276
32.70000076,88.60149384
32.90000153,89.67266846
33.10000229,88.60283661
33.29999924,89.17066193
33.5,88.65618134
33.70000076,88.38085175
33.90000153,87.57789612
34.10000229,88.18771362
34.29999924,85.57691193
34.5,86.36547089
34.70000076,85.02228546
34.90000153,85.97187042
35.10000229,85.93178558
35.29999924,85.6000061
35.5,85.14974976
35.70000076,85.20193481
35.90000153,86.67221069
36.10000229,84.81537628
36.29999924,85.74777222
36.5,83.73971558
36.70000076,83.46109772
36.90000153,83.44804382
37.10000229,84.85906982
37.29999924,83.49373627
37.5,82.62594604
37.70000076,83.91745758
37.90000153,83.69680786
38.10000229,84.08390045
38.29999924,83.99745941
38.5,83.02483368
38.70000076,83.72760773
38.90000153,82.58522034
39.10000229,83.39453125
39.29999924,82.78897858
39.5,83.08876801
39.70000076,83.53261566
39.90000153,82.77172089
40.10000229,81.9125061
40.29999924,83.94161224
40.5,82.05960083
40.70000076,82.69381714
40.90000153,82.92672729
41.10000229,82.59716797
41.29999924,83.74835968
41.5,82.38323975
41.70000076,82.24346161
41.90000153,84.08148956
42.10000229,82.3380127
42.29999924,81.73254395
42.5,82.4447403
42.70000076,83.39681244
42.90000153,82.26242828
43.10000229,82.01152039
43.29999924,81.9148941
43.5,83.04711914
43.70000076,82.4043045
43.90000153,82.43553162
44.10000229,82.49617004
44.29999924,81.72512817
44.5,83.11488342
44.70000076,83.5382843
44.90000153,82.95688629
45.10000229,81.29711914
45.29999924,82.11128998
45.5,82.19734955
45.70000076,84.44622803
45.90000153,81.15758514
46.10000229,83.23360443
46.29999924,82.04976654
46.5,78.35372162
46.70000076,3.315383434
46.90000153,0.23252523
47.10000229,0.093333885
47.29999924,0.112516999
47.5,0.020306012
47.70000076,0.121443972
47.90000153,0.136584029
48.10000229,0.128940105
48.29999924,0.049087461
48.5,0.189465702
48.70000076,0.050154474
48.90000153,0.118044011
49.10000229,0.225965485
49.29999924,0.214340404
49.5,0.210359722
49.70000076,0.149003178
49.90000153,0.179511726
50.10000229,0.162869766
50.29999924,0.173027992
50.5,0
50.70000076,0.072199188
50.90000153,0.11616119
51.10000229,0.070878178
51.29999924,0.131541669
51.5,0.082673661
51.70000076,0.209321067
51.90000153,0.072123311
52.10000229,0.109321117
52.29999924,0.152493253
52.5,0.192136556
52.70000076,0.009799886
52.90000153,0.03964714
53.10000229,0.059420649
53.29999924,0.173705131
53.5,0.107971221
53.70000076,0.081366137
53.90000153,0.167000681
54.10000229,0.192037523
54.29999924,0.225292116
54.5,0.18824181
54.70000076,0.189565897
54.90000153,0.151577935
55.10000229,0.174496785
55.29999924,0.159664705
55.5,0.211059526
55.70000076,0.170379952
55.90000153,0.130599454
56.10000229,0.029602733
56.29999924,0.058389615
56.5,0.223402411
56.70000076,0.078766517
56.90000153,0.086903624
57.10000229,0.138815895
57.29999924,0.144111604
57.5,0.157399759
57.70000076,0.158187181
57.90000153,0.148852348
58.10000229,0.168097153
58.29999924,0.171485066
58.5,0.139040619
58.70000076,0.079088114
58.90000153,0.097796641
59.10000229,0.089789897
59.29999924,0.147854626
59.5,0.068465687
59.70000076,0.177085176
59.90000153,0.038645476
60.10000229,0.274590552
60.29999924,0.098763481
60.5,0.186574489
60.70000076,0.126448065
60.90000153,0.096657582
61.10000229,0.058175612
61.29999924,0.096732378
61.5,0.114615366
61.70000076,-0.038674623
61.90000153,0.18704468
62.10000229,0.178631693
62.29999924,0.146056488
62.5,0.058609776
62.70000076,0.168806538
62.90000153,0.089886747
63.10000229,0.099724762
63.29999924,0.169007927
63.5,0.147546306
63.70000076,0.150762856
63.90000153,0.099938035
64.09999847,0.158865705
64.30000305,0.11457856
64.5,0
64.70000458,0
64.90000153,0.172748432
65.09999847,0.080758318
65.30000305,0.186090246
65.5,0.199828148
65.70000458,0.190495282
65.90000153,0.183718473
66.09999847,0.131053671
66.30000305,0.133961231
66.5,0.132932484
66.70000458,0.166772634
66.90000153,0.146573827
67.09999847,0.070820093
67.30000305,0.162342608
67.5,0.225199863
67.70000458,0.102707364
67.90000153,0.18370159
68.09999847,0.207615331
68.30000305,0.195027828
68.5,0.133663729
68.70000458,0.040258862
68.90000153,0.081182837
69.09999847,0.144313529
69.30000305,0.194975793
69.5,0.207240999
69.70000458,0.208372802
69.90000153,0.121124029
70.09999847,0.091575094
70.30000305,0.158626288
70.5,0.101845443
70.70000458,0.167785242
70.90000153,0.17899406
71.09999847,0.164795756
71.30000305,0.117483504
71.5,0.169160962
71.70000458,0.250050008
71.90000153,0.130937502
72.09999847,0.15109545
72.30000305,0.121450119
72.5,0.071184516
72.70000458,0.153772026
72.90000153,0.030596321
73.09999847,0.186857685
73.30000305,0.117020033
73.5,0.14416641
73.70000458,0.186304554
73.90000153,0.156331435
74.09999847,0.084304594
74.30000305,0.07373932
74.5,0.091256604
74.70000458,0.091615178
74.90000153,0.131390095
75.09999847,0.174852148
75.30000305,0.155488759
75.5,0.093523011
75.70000458,0.072975963
75.90000153,0.157035172
76.09999847,0.040865533
76.30000305,0.231434897
76.5,0.162372261
76.70000458,0.112133905
76.90000153,0.278672278
77.09999847,0.010337734
77.30000305,20.15456581
77.5,91.42564392
77.70000458,90.46472168
77.90000153,89.76030731
78.09999847,89.54043579
78.30000305,90.09728241
78.5,90.72026062
78.70000458,90.50003815
78.90000153,90.19569397
79.09999847,89.82360077
79.30000305,88.52371216
79.5,90.25989532
79.70000458,89.4597168
79.90000153,89.52922821
80.09999847,89.69185638
80.30000305,91.03366852
80.5,89.96142578
80.70000458,89.65398407
80.90000153,90.36745453
81.09999847,89.66633606
81.30000305,90.15679169
81.5,90.23890686
81.70000458,88.03748322
81.90000153,90.06154633
82.09999847,89.51132965
82.30000305,90.04452515
82.5,89.25236511
82.70000458,89.49814606
82.90000153,88.1943512
83.09999847,89.9682312
83.30000305,89.32939911
83.5,90.32080841
83.70000458,90.18160248
83.90000153,89.70941162
84.09999847,90.38601685
84.30000305,89.30888367
84.5,90.04682922
84.70000458,89.87011719
84.90000153,89.71392059
85.09999847,88.51089478
85.30000305,90.23862457
85.5,89.54273224
85.70000458,87.97919464
85.90000153,89.01027679
86.09999847,90.46842194
86.30000305,89.37683105
86.5,89.38694763
86.70000458,89.94759369
86.90000153,90.26528931
87.09999847,88.61136627
87.30000305,88.24039459
87.5,89.69504547
87.70000458,89.45817566
87.90000153,88.19595337
88.09999847,89.42854309
88.30000305,89.46511078
88.5,89.18651581
88.70000458,89.14868927
88.90000153,90.14974213
89.09999847,90.13532257
89.30000305,89.72503662
89.5,88.99344635
89.70000458,90.00617981
89.90000153,88.76593781
90.09999847,89.56232452
90.30000305,88.46157837
90.5,89.18736267
90.70000458,89.91387177
90.90000153,89.58463287
91.09999847,89.822052
91.30000305,90.38510895
91.5,89.47064209
91.70000458,89.45130157
91.90000153,90.2999115
92.09999847,89.76411438
92.30000305,90.10362244
92.5,88.95690155
92.70000458,89.15370941
92.90000153,89.7947464
93.09999847,88.9070282
93.30000305,89.8720932
93.5,89.36800385
93.70000458,90.09799194
93.90000153,89.53630066
94.09999847,89.63550568
94.30000305,89.6845932
94.5,89.73231506
94.70000458,90.3429718
94.90000153,88.20677185
95.09999847,11.33612347
95.30000305,0.040485829
95.5,0.101158261
95.70000458,0.123452976
95.90000153,-0.019719588
96.09999847,0.080490187
96.30000305,0.142358884
96.5,0.020362865
96.70000458,0.162278384
96.90000153,0.149003178
97.09999847,0.080155499
97.30000305,0.161280558
97.5,0.03944812
97.70000458,-0.00953298
97.90000153,0.17507343
98.09999847,0.119815484
98.30000305,0.209968507
98.5,0.145243272
98.70000458,0.137973175
98.90000153,0.147491172
99.09999847,0.048405055
99.30000305,0.067918964
99.5,0.141950399
99.70000458,0.166872814
99.90000153,0.149444059
100.0999985,0.078341506
100.3000031,0.118161403
100.5,0.215840742
100.7000046,0.069146045
100.9000015,0.181922928
101.0999985,0.177781284
101.3000031,0.080520161
101.5,0.120186292
101.7000046,0.111739792
101.9000015,0.069381125
102.0999985,0.130510286
102.3000031,0.209823743
102.5,0.101897329
102.7000046,0.136593357
102.9000015,0.101277106
103.0999985,0.137713939
103.3000031,0.170122489
103.5,0.170672447
103.7000046,0.104140632
103.9000015,0.102913477
104.0999985,0.093387149
104.3000031,0.090241849
104.5,0.146687478
104.7000046,0.179681227
104.9000015,0.132319555
105.0999985,0.159491211
105.3000031,0.202870622
105.5,0.071248271
105.7000046,0.124010503
105.9000015,0.183617264
106.0999985,0.133537412
106.3000031,0.131621584
106.5,0.048492372
106.7000046,0.138389155
106.9000015,0.157828286
107.0999985,0.195070565
107.3000031,0.069438934
107.5,0.13102065
107.7000046,0.138335824
107.9000015,0.009913062
108.0999985,0.10565342
108.3000031,0.050468855
108.5,0.109736636
108.7000046,0.097477287
108.9000015,0.087803163
109.0999985,0.188870564
109.3000031,0.058876056
109.5,0.158390746
109.7000046,0.09103138
109.9000015,0.187042847
110.0999985,0.098033451
110.3000031,0.379014552
110.5,0.029707678
110.7000046,5.124308109
110.9000015,95.77067566
111.0999985,95.04334259
111.3000031,95.9265976
111.5,94.58602142
111.7000046,94.58904266
111.9000015,94.92812347
112.0999985,95.47049713
112.3000031,95.20612335
112.5,94.65265656
112.7000046,95.45090485
112.9000015,95.89308167
113.0999985,96.72442627
113.3000031,96.42952728
113.5,96.53443909
113.7000046,97.7559967
113.9000015,97.9813385
114.0999985,98.36917877
114.3000031,98.95272827
114.5,99.20642853
114.7000046,98.36667633
114.9000015,99.29010773
115.0999985,98.49129486
115.3000031,99.48471069
115.5,99.66993713
115.7000046,99.46385956
115.9000015,98.86729431
116.0999985,99.78578949
116.3000031,99.14594269
116.5,99.31090546
116.7000046,97.52960205
116.9000015,100.4575806
117.0999985,98.73386383
117.3000031,97.98522949
117.5,98.25544739
117.7000046,96.89463043
117.9000015,98.09233093
118.0999985,97.99559021
118.3000031,97.24394989
118.5,97.33209229
118.7000046,95.95745087
118.9000015,97.81336975
119.0999985,96.42895508
119.3000031,97.64276886
119.5,95.80038452
119.7000046,94.78772736
119.9000015,95.50925446
120.0999985,95.69119263
120.3000031,95.20656586
120.5,95.9460907
120.7000046,96.07958984
120.9000015,96.72149658
121.0999985,95.77939606
121.3000031,96.05838013
121.5,95.46437836
121.7000046,95.48932648
121.9000015,95.63777924
122.0999985,95.97962952
122.3000031,95.62789154
122.5,95.72676086
122.7000046,94.95391083
122.9000015,94.67785645
123.0999985,96.55391693
123.3000031,95.04763794
123.5,95.08029938
123.7000046,94.30266571
123.9000015,96.10150909
124.0999985,93.90280914
124.3000031,94.51287842
124.5,94.35282898
124.7000046,94.92646027
124.9000015,95.21289825
125.0999985,94.49385071
125.3000031,94.36894989
125.5,94.8558197
125.7000046,94.31674957
125.9000015,94.29706573
126.0999985,95.47065735
126.3000031,95.52793884
126.5,95.06035614
126.7000046,94.46124268
126.9000015,94.56134796
127.0999985,95.39294434
127.3000031,95.8592453
127.5,94.80783844
127.7000046,94.73223114
127.9000015,94.81401062
128.1000061,95.62151337
128.3000031,95.33106995
128.5,95.05111694
128.6999969,95.0589447
128.9000092,95.39091492
129.1000061,95.71286774
129.3000031,95.28662872
129.5,95.84825897
129.6999969,95.51919556
129.9000092,95.76257324
130.1000061,95.67064667
130.3000031,95.08231354
130.5,95.5872879
130.6999969,94.92614746
130.9000092,95.7456131
131.1000061,95.1770401
131.3000031,96.15422821
131.5,96.59378815
131.6999969,94.74134064
131.9000092,93.88866425
132.1000061,8.219719887
132.3000031,0.108620524
132.5,0.129779384
132.6999969,0.155389592
132.9000092,0.09155646
133.1000061,0.07927385
133.3000031,0.116804235
133.5,0.197415829
133.6999969,0.098483354
133.9000092,0.183964133
134.1000061,0.121321186
134.3000031,0.159348264
134.5,0.217395604
134.6999969,0.11788746
134.9000092,0.048943792
135.1000061,0.139868528
135.3000031,0.109475613
135.5,0.117446713
135.6999969,0.211365417
135.9000092,0.157801822
136.1000061,0.04081383
136.3000031,0.07067138
136.5,0.188697994
136.6999969,0.140706345
136.9000092,0.119169392
137.1000061,0.191684917
137.3000031,0.03083311
137.5,-0.010257462
137.6999969,0.138787001
137.9000092,0.068726495
138.1000061,0.109109663
138.3000031,0.129612461
138.5,0.143653095
138.6999969,0.102187842
138.9000092,0.069092132
139.1000061,0.226549536
139.3000031,0.159056798
139.5,0.152751043
139.6999969,0.106417976
139.9000092,0.057363022
140.1000061,0.159948811
140.3000031,0.181245148
140.5,0.174113229
140.6999969,0.098987356
140.9000092,0.03859067
141.1000061,0.161649212
141.3000031,0.115542375
141.5,0.096739866
141.6999969,0.028712804
141.9000092,-0.028896445
142.1000061,0.02887892
142.3000031,0.038503002
142.5,0.172506526
142.6999969,0.163770184
142.9000092,0.098116174
143.1000061,0.096534416
143.3000031,0.167128727
143.5,0.088896789
143.6999969,0.18122682
143.9000092,0.118431963
144.1000061,0.144712225
144.3000031,0.11894732
144.5,0.070870288
144.6999969,0.172440231
144.9000092,0.163707092
145.1000061,0.06898319
145.3000031,0.101444572
145.5,0.187478423
145.6999969,0.197384656
145.9000092,0.078960098
146.1000061,0.172016025
146.3000031,0.079571113
146.5,0.047193408
146.6999969,0.243590519
146.9000092,0.188133702
147.1000061,0.336503714
147.3000031,0.100831866
147.5,19.56386948
147.6999969,66.49450684
147.9000092,101.9625854
148.1000061,102.0410233
148.3000031,100.5904846
148.5,100.949173
148.6999969,101.2229996
148.9000092,101.3858261
149.1000061,100.4070206
149.3000031,100.2808685
149.5,100.8397522
149.6999969,100.2065506
149.9000092,102.0489578
150.1000061,100.5745773
150.3000031,102.3462753
150.5,101.0826187
150.6999969,100.7586975
150.9000092,100.852562
151.1000061,99.19068146
151.3000031,99.35949707
151.5,99.71487427
151.6999969,100.5679779
151.9000092,101.3722458
152.1000061,101.955307
152.3000031,101.3780594
152.5,100.4285049
152.6999969,101.3228989
152.9000092,100.2729797
153.1000061,100.7166672
153.3000031,100.8820801
153.5,101.9993362
153.6999969,101.245842
153.9000092,100.5690536
154.1000061,101.299408
154.3000031,101.3163986
154.5,100.4823303
154.6999969,100.5014648
154.9000092,101.2712631
155.1000061,101.0628891
155.3000031,100.8430481
155.5,100.4374466
155.6999969,100.3279724
155.9000092,100.3192978
156.1000061,100.45224
156.3000031,99.52578735
156.5,101.0250168
156.6999969,99.79144287
156.9000092,100.104744
157.1000061,100.5591507
157.3000031,101.3487854
157.5,100.7743073
157.6999969,100.6382294
157.9000092,99.16339874
158.1000061,99.95069122
158.3000031,100.3081055
158.5,100.4256897
158.6999969,100.0578003
158.9000092,99.30745697
159.1000061,100.4132919
159.3000031,100.8593597
159.5,99.21973419
159.6999969,100.195816
159.9000092,101.1383896
160.1000061,101.8768539
160.3000031,102.3116379
160.5,100.5977783
160.6999969,100.7821655
160.9000092,100.8906708
161.1000061,101.0460281
161.3000031,99.96337128
161.5,100.7590332
161.6999969,100.3244705
161.9000092,100.3139038
162.1000061,100.6065979
162.3000031,100.8903732
162.5,100.2591248
162.6999969,99.41992188
162.9000092,100.416275
163.1000061,100.2096176
163.3000031,100.3371658
163.5,100.8944473
163.6999969,100.656929
163.9000092,100.4202347
164.1000061,100.675293
164.3000031,101.1250534
164.5,101.8736343
164.6999969,100.3147049
164.9000092,100.5696487
165.1000061,100.1110992
165.3000031,99.85830688
165.5,102.0247192
165.6999969,100.3395615
165.9000092,98.47280121
166.1000061,15.51642895
166.3000031,0.086647607
166.5,0.202183589
166.6999969,0.2073562
166.9000092,0.252623409
167.1000061,0.145070508
167.3000031,0.167886302
167.5,0.010202624
167.6999969,0.206931204
167.9000092,0.119183593
168.1000061,0.197722241
168.3000031,0.18644999
168.5,0.029983809
168.6999969,-0.049901195
168.9000092,0.204351723
169.1000061,0.131183282
169.3000031,0.135372952
169.5,0.140438169
169.6999969,0.069072358
169.9000092,0.118835412
170.1000061,0.176368579
170.3000031,0.14551805
170.5,0.169609889
170.6999969,0.153818056
170.9000092,0.128964409
171.1000061,0.068850882
171.3000031,0.17751129
171.5,0.067909732
171.6999969,0.116674766
171.9000092,0.23499462
172.1000061,0.137996286
172.3000031,0.238918945
172.5,0.116459623
172.6999969,0.148426682
172.9000092,0.158386037
173.1000061,0.029346742
173.3000031,0.096067943
173.5,0.019280825
173.6999969,0.110941894
173.9000092,0.098080561
174.1000061,0.106282249
174.3000031,0.21948421
174.5,0.118102104
174.6999969,0.206286833
174.9000092,0.193653956
175.1000061,0.099442124
175.3000031,0.009726302
175.5,0.039787136
175.6999969,0.217028886
175.9000092,0.134912446
176.1000061,0.069847733
176.3000031,0.020032052
176.5,0.124544941
176.6999969,0.099303879
176.9000092,0.156000152
177.1000061,0.091502473
177.3000031,0.108842999
177.5,0.081150718
177.6999969,0.019729314
177.9000092,0.181237862
178.1000061,0.15705058
178.3000031,0.098581411
178.5,0.12144766
178.6999969,0.177499041
178.9000092,0.129518181
179.1000061,0.029607113
179.3000031,0.156942755
179.5,0.101260692
179.6999969,0.149331003
179.9000092,0.160468563
180.1000061,0.127059832
180.3000031,0.188480839
180.5,0.195991963
180.6999969,0.128862143
180.9000092,0.05908303
181.1000061,0.058567438
181.3000031,0.215586931
181.5,0.030113226
181.6999969,0.14445439
181.9000092,0.039837461
182.1000061,0.225780174
182.3000031,0.089775562
182.5,0.130310148
182.6999969,0.178818002
182.9000092,0.009780716
183.1000061,0.233081326
183.3000031,0
183.5,34.8769989
183.6999969,106.4347382
183.9000092,106.9944382
184.1000061,107.1298904
184.3000031,107.970787
184.5,108.0105362
184.6999969,107.6035385
184.9000092,108.466156
185.1000061,108.6219406
185.3000031,107.6436539
185.5,107.3714447
185.6999969,109.8121414
185.9000092,110.3742981
186.1000061,109.6223679
186.3000031,110.0166397
186.5,111.3734818
186.6999969,109.9610596
186.9000092,109.5804596
187.1000061,109.1818542
187.3000031,110.3885269
187.5,110.7243423
187.6999969,111.126236
187.9000092,110.9859695
188.1000061,110.8884201
188.3000031,109.561615
188.5,111.1645584
188.6999969,109.6408157
188.9000092,110.821434
189.1000061,110.7267761
189.3000031,110.2530441
189.5,110.825531
189.6999969,111.8458862
189.9000092,111.4910049
190.1000061,110.8921051
190.3000031,109.1487198
190.5,110.3986282
190.6999969,110.1730804
190.9000092,109.0886383
191.1000061,110.2926941
191.3000031,109.7114182
191.5,110.2096863
191.6999969,108.2177734
191.9000092,108.914299
192.1000061,109.3249207
192.3000031,109.3756027
192.5,108.6809006
192.6999969,109.0451965
192.9000092,107.6948929
193.1000061,108.3794403
193.3000031,108.255188
193.5,107.4617691
193.6999969,107.0046844
193.9000092,107.4498291
194.1000061,106.7486877
194.3000031,107.0819092
194.5,107.3729095
194.6999969,106.1756439
194.9000092,106.0103531
195.1000061,106.2068558
195.3000031,105.839241
195.5,106.3437271
195.6999969,106.6910477
195.9000092,107.0681458
196.1000061,107.6642151
196.3000031,106.1242752
196.5,108.3123703
196.6999969,105.3199463
196.9000092,106.8317184
197.1000061,107.9127274
197.3000031,108.0314941
197.5,106.7960281
197.6999969,107.2205124
197.9000092,106.9941101
198.1000061,106.5077362
198.3000031,107.3415222
198.5,106.4228973
198.6999969,106.0720596
198.9000092,106.6804886
199.1000061,106.0608978
199.3000031,107.3764114
199.5,106.5789642
199.6999969,106.6999435
199.9000092,108.0256805
200.1000061,106.3451004
200.3000031,106.4209747
200.5,107.4349747
200.6999969,106.9538651
200.9000092,105.8236923
201.1000061,107.3516159
201.3000031,106.4960709
201.5,107.4437408
201.6999969,106.8655167
201.9000092,107.0913696
202.1000061,106.9016724
202.3000031,108.4837036
202.5,106.1065292
202.6999969,107.2877426
202.9000092,106.7802124
203.1000061,107.0451279
203.3000031,106.8218231
203.5,106.2033463
203.6999969,107.4357758
203.9000092,107.5133743
204.1000061,107.0248108
204.3000031,106.5456009
204.5,106.0976181
204.6999969,106.9182358
204.9000092,106.2340546
205.1000061,107.6480713
205.3000031,106.4989929
205.5,106.1642838
205.6999969,106.2207184
205.9000092,105.7292862
206.1000061,107.6563187
206.3000031,107.4054642
206.5,106.3105698
206.6999969,48.23888779
206.9000092,0.135197774
207.1000061,0.166514844
207.3000031,0.086194515
207.5,0.123028003
207.6999969,0.039263416
207.9000092,0.128183648
208.1000061,0.019785916
208.3000031,0.176189035
208.5,0.108853765
208.6999969,0.122386538
208.9000092,0.019594206
209.1000061,0.049955539
209.3000031,0.080520973
209.5,0.12092264
209.6999969,0.090709351
209.9000092,0.140379027
210.1000061,0.119504057
210.3000031,0.090030611
210.5,0.009947378
210.6999969,0.129075825
210.9000092,0.249515921
211.1000061,0.262173414
211.3000031,0.177457035
211.5,0.201511324
211.6999969,0.019775938
211.9000092,0.070433877
212.1000061,0.203753144
212.3000031,0.157277525
212.5,0.171988189
212.6999969,0.089378819
212.9000092,0.10178221
213.1000061,0.210359722
213.3000031,0.019773591
213.5,0.160695806
213.6999969,0.160749078
213.9000092,0.05043729
214.1000061,0.088456437
214.3000031,0.135777324
214.5,0.155939341
214.6999969,0.111241452
214.9000092,0.175409526
215.1000061,0.092855297
215.3000031,0.110307761
215.5,0.129195124
215.6999969,0.190837771
215.9000092,0.157828286
216.1000061,0.181389451
216.3000031,0.186157703
216.5,0.039338332
216.6999969,0.122090191
216.9000092,0.172157139
217.1000061,0.068805538
217.3000031,0.140632853
217.5,0.201268956
217.6999969,0.107622616
217.9000092,0.06808345
218.1000061,0.10018836
218.3000031,0.167712405
218.5,0.158960387
218.6999969,0.127475977
218.9000092,0.108718209
219.1000061,0.117305495
219.3000031,0.059251066
219.5,0.236415923
219.6999969,0.159674272
219.9000092,0.087663762
220.1000061,0.144167006
220.3000031,0.103105538
220.5,0.229396686
220.6999969,0.189722717
220.9000092,0.028944397
221.1000061,0.109308079
221.3000031,0.13793239
221.5,0.088772275
221.6999969,0.113950372
221.9000092,0.048195556
222.1000061,0.098486267
222.3000031,0.088163547
222.5,0.176056325
222.6999969,0.147997588
222.9000092,0.09566357
223.1000061,0.088079862
223.3000031,0.11708802
223.5,0.137963653
223.6999969,105.469429
223.9000092,116.2974701
224.1000061,116.8636627
224.3000031,115.4204102
224.5,113.7272491
224.6999969,115.2557297
224.9000092,115.7836914
225.1000061,115.2813721
225.3000031,114.789856
225.5,114.2093811
225.6999969,115.1838608
225.9000092,114.9961395
226.1000061,115.5971222
226.3000031,114.7174683
226.5,115.9899445
226.6999969,115.7222443
226.9000092,115.4989777
227.1000061,116.263092
227.3000031,114.2729874
227.5,113.582016
227.6999969,114.471283
227.9000092,115.630661
228.1000061,114.0515976
228.3000031,115.0456009
228.5,116.2219467
228.6999969,115.2126389
228.9000092,114.5022964
229.1000061,114.7843704
229.3000031,114.3554688
229.5,114.0695267
229.6999969,113.8904877
229.9000092,114.8889465
230.1000061,115.5759659
230.3000031,114.0574646
230.5,115.688797
230.6999969,115.6242981
230.9000092,115.2608337
231.1000061,115.4859161
231.3000031,114.7523117
231.5,115.3700027
231.6999969,115.1086197
231.9000092,115.8295288
232.1000061,115.4717178
232.3000031,115.2595367
232.5,116.9281845
232.6999969,115.4525757
232.9000092,115.0713806
233.1000061,115.0780029
233.3000031,115.5731125
233.5,115.5857544
233.6999969,115.4341431
233.9000092,115.9083633
234.1000061,115.2861633
234.3000031,115.4413452
234.5,113.6620102
234.6999969,115.6557083
234.9000092,114.5329132
235.1000061,115.0994263
235.3000031,116.3343048
235.5,113.2885513
235.6999969,115.5561066
235.9000092,116.6917801
236.1000061,117.1046524
236.3000031,115.1280746
236.5,115.7260056
236.6999969,115.9564819
236.9000092,114.2373047
237.1000061,115.0721207
237.3000031,114.1418686
237.5,114.6307602
237.6999969,113.9134369
237.9000092,114.5047989
238.1000061,115.6660614
238.3000031,114.9287186
238.5,115.4721603
238.6999969,117.2025909
238.9000092,115.8313065
239.1000061,114.9646912
239.3000031,116.0772629
239.5,115.0637436
239.6999969,113.5456314
239.9000092,114.6003952
240.1000061,115.6241531
240.3000031,115.7403259
240.5,115.3315506
240.6999969,114.9287949
240.9000092,115.0619049
241.1000061,113.7328186
241.3000031,115.6969681
241.5,115.9381485
241.6999969,115.0734482
241.9000092,115.18853
242.1000061,115.1377869
242.3000031,114.9829483
242.5,114.0818405
242.6999969,114.0895691
242.9000092,115.546669
243.1000061,115.470192
243.3000031,114.7015152
243.5,114.5716858
243.6999969,116.2845535
243.9000092,115.7605362
244.1000061,115.7578506
244.3000031,117.4818115
244.5,117.9174881
244.6999969,119.9819412
244.9000092,120.5601654
245.1000061,121.6307755
245.3000031,122.6236343
245.5,122.7965546
245.6999969,121.9156418
245.9000092,122.8599472
246.1000061,122.1708145
246.3000031,120.6558456
246.5,119.8165207
246.6999969,118.990448
246.9000092,117.9284744
247.1000061,117.6262283
247.3000031,116.7250671
247.5,117.009407
247.6999969,117.9213333
247.9000092,117.2932892
248.1000061,115.2130508
248.3000031,116.9215622
248.5,117.454895
248.6999969,117.061615
248.9000092,116.3859558
249.1000061,114.3863907
249.3000031,116.119545
249.5,115.9755402
249.6999969,114.613121
249.9000092,114.8839874
250.1000061,113.1281509
250.3000031,115.2199783
250.5,116.488327
250.6999969,114.8905945
250.9000092,115.7525024
251.1000061,115.7092819
251.3000031,116.2738419
251.5,114.9406128
251.6999969,115.9954987
251.9000092,115.9676361
252.1000061,116.607605
252.3000031,115.7943192
252.5,115.9702911
252.6999969,114.5875626
252.9000092,114.3536301
253.1000061,116.0971909
253.3000031,117.1965485
253.5,116.2330551
253.6999969,116.1687241
253.9000092,115.5284882
254.1000061,116.4300385
254.3000031,115.2033997
254.5,115.489418
254.6999969,115.7193222
254.9000092,114.6936569
255.1000061,63.33781052
255.3000031,0.341093183
255.5,0.138238847
255.6999969,0.046253469
255.9000092,0.104862772
256.1000061,0.163466245
256.3000183,0.096079014
256.5,0.039154269
256.7000122,0.085675932
256.8999939,0.114380486
257.1000061,0.047431577
257.3000183,0.177384421
257.5,0.212285534
257.7000122,0.078995958
257.8999939,0.056098361
258.1000061,0.195554406
258.3000183,0.114578165
258.5,0.131881386
258.7000122,0.170711592
258.8999939,0.134639978
259.1000061,0.163819104
259.3000183,0.210182384
259.5,0.028615853
259.7000122,0.05753519
259.8999939,0.047823094
260.1000061,0.170995385
260.3000183,0.155972779
260.5,0.126618028
260.7000122,0.244865164
260.8999939,0.205116719
261.1000061,0.126294509
261.3000183,0.142147765
261.5,0.144835189
261.7000122,0.1862088
261.8999939,0.076985255
262.1000061,0.211566955
262.3000183,0.116301604
262.5,0.08586885
262.7000122,0.181465671
262.8999939,0.0897156
263.1000061,0.1164167
263.3000183,0.153361008
263.5,0.167415112
263.7000122,0.095888309
263.8999939,0.186711997
264.1000061,0.088730268
264.3000183,0.039503053
264.5,0.211485595
264.7000122,0.068170972
264.8999939,0.178782493
265.1000061,0.22980237
265.3000183,0.205455333
265.5,0.281389475
265.7000122,0.097258285
265.8999939,0.190635964
266.1000061,0.242836326
266.3000183,0.124055266
266.5,0.039657753
266.7000122,0.221279383
266.8999939,0.197911561
267.1000061,0.069704451
267.3000183,0.19300735
267.5,0.089509487
267.7000122,0.236632705
267.8999939,0.238312736
268.1000061,0.145422101
268.3000183,0.135732561
268.5,0.204723537
268.7000122,0.159327641
268.8999939,0.163973957
269.1000061,0.135683894
269.3000183,0.162247807
269.5,0.176037401
269.7000122,0.068014652
269.8999939,0.104195282
270.1000061,0.184288889
270.3000183,0.077436835
270.5,0.09500014
270.7000122,0.249202073
270.8999939,0.167109013
271.1000061,0.147717759
271.3000183,0.107519522
271.5,0.14194867
271.7000122,0.103967786
271.8999939,0.220642552
272.1000061,0.067923576
272.3000183,0.195664078
272.5,0.123629376
272.7000122,0.123791836
272.8999939,0.107602619
273.1000061,0.038523771
273.3000183,0.177888468
273.5,0.077561468
273.7000122,0.108447038
273.8999939,0.086470284
274.1000061,0.038819123
274.3000183,0.123960637
274.5,0.180671915
274.7000122,0.087615117
274.8999939,0.151893437
275.1000061,0.200530931
275.3000183,0.058788374
275.5,0.12057393
275.7000122,0.198886231
275.8999939,0.058494356
276.1000061,0.095167398
276.3000183,0.086685993
276.5,0.117463954
276.7000122,0.136082187
276.8999939,0.132486776
277.1000061,0.125384599
277.3000183,38.41630936
277.5,111.5423813
277.7000122,112.3611069
277.8999939,114.2652359
278.1000061,118.3203201
278.3000183,116.3497467
278.5,118.0578003
278.7000122,117.1767807
278.8999939,117.6988449
279.1000061,118.7157593
279.3000183,117.4739609
279.5,117.4941788
279.7000122,116.0282364
279.8999939,116.8197327
280.1000061,116.1881332
280.3000183,115.1148682
280.5,115.9541779
280.7000122,114.9454803
280.8999939,115.5975418
281.1000061,115.8417664
281.3000183,114.3445358
281.5,114.3666763
281.7000122,115.2562637
281.8999939,114.6142197
282.1000061,115.6445389
282.3000183,115.2964935
282.5,114.4257813
282.7000122,115.6242676
282.8999939,115.4795227
283.1000061,114.1794891
283.3000183,112.9616852
283.5,114.1024399
283.7000122,114.8435059
283.8999939,113.7371674
284.1000061,112.770874
284.3000183,114.0689774
284.5,114.0910645
284.7000122,113.7694168
284.8999939,114.6546707
285.1000061,113.9542084
285.3000183,114.6182785
285.5,114.4698639
285.7000122,114.1422272
285.8999939,114.613327
286.1000061,114.2704239
286.3000183,114.5765915
286.5,115.4036331
286.7000122,113.54245
286.8999939,114.8615036
287.1000061,115.230217
287.3000183,114.0573959
287.5,114.6352844
287.7000122,114.6491318
287.8999939,115.1973572
288.1000061,114.8455353
288.3000183,115.0656815
288.5,114.569725
288.7000122,114.9483871
288.8999939,114.5530014
289.1000061,115.3904648
289.3000183,113.0906219
289.5,113.9988556
289.7000122,115.1644821
289.8999939,115.4611435
290.1000061,113.8246155
290.3000183,115.5123215
290.5,115.6788712
290.7000122,114.053215
290.8999939,115.8622513
291.1000061,114.4818573
291.3000183,115.1769714
291.5,113.9208984
291.7000122,115.0709839
291.8999939,115.7520523
292.1000061,115.1665497
292.3000183,115.7898865
292.5,114.9783173
292.7000122,114.7923965
292.8999939,115.5355682
293.1000061,116.1054764
293.3000183,114.6326218
293.5,115.5000153
293.7000122,116.2458115
293.8999939,116.2684937
294.1000061,113.9053574
294.3000183,115.7580643
294.5,114.9394608
294.7000122,114.7014084
294.8999939,115.0209656
295.1000061,115.7711411
295.3000183,116.3402405
295.5,115.7380066
295.7000122,113.8224106
295.8999939,116.1664276
296.1000061,114.0783463
296.3000183,115.7559052
296.5,115.2046432
296.7000122,116.8149261
296.8999939,114.1107101
297.1000061,115.5889816
297.3000183,115.9771805
297.5,115.7660217
297.7000122,115.9510651
297.8999939,115.1293945
298.1000061,115.851738
298.3000183,114.9241714
298.5,116.3441544
298.7000122,115.6954193
298.8999939,116.0816422
299.1000061,115.5255203
299.3000183,115.696228
299.5,116.8734207
299.7000122,115.2305069
299.8999939,116.4349136
300.1000061,116.3413162
300.3000183,116.2843018
300.5,116.6195297
300.7000122,115.7114487
300.8999939,116.1446915
301.1000061,116.4816666
301.3000183,115.3454895
301.5,116.0816803
301.7000122,115.3992462
301.8999939,115.0117416
302.1000061,114.9324799
302.3000183,115.6575699
302.5,115.9435654
302.7000122,115.3877182
302.8999939,116.3330078
303.1000061,117.0590973
303.3000183,116.562294
303.5,115.3497849
303.7000122,115.4047394
303.8999939,115.0496674
304.1000061,116.0374756
304.3000183,116.2095566
304.5,116.2032776
304.7000122,115.8649063
304.8999939,115.8067551
305.1000061,116.5449753
305.3000183,115.3214722
305.5,117.7665558
305.7000122,116.129776
305.8999939,116.3927155
306.1000061,116.1494217
306.3000183,115.051239
306.5,116.4636307
306.7000122,115.2719727
306.8999939,116.9193268
307.1000061,115.7370987
307.3000183,116.1865005
307.5,115.6724548
307.7000122,116.9765091
307.8999939,118.4131393
308.1000061,116.0683594
308.3000183,114.4383392
308.5,115.2868729
308.7000122,103.5578308
308.8999939,1.095577002
309.1000061,0.566577971
309.3000183,0.135379493
309.5,0.189662397
309.7000122,0.217050284
309.8999939,0.095997848
310.1000061,0.076617345
310.3000183,0.106798194
310.5,0.048494253
310.7000122,0.059839629
310.8999939,0.106169403
311.1000061,0.187591329
311.3000183,0.184555605
311.5,0.167502537
311.7000122,0.117275693
311.8999939,0.215268403
312.1000061,0.10860765
312.3000183,0.060187183
312.5,0.135822102
312.7000122,0.17125079
312.8999939,0.079264425
313.1000061,0.08827424
313.3000183,0.077386655
313.5,0.136557385
313.7000122,0.118529052
313.8999939,0.162633032
314.1000061,0.112251774
314.3000183,0.10973116
314.5,0.159056798
314.7000122,0.019866696
314.8999939,0.12863645
315.1000061,0.117472
315.3000183,0.184762001
315.5,0.144275174
315.7000122,0.167199403
315.8999939,0.060742885
316.1000061,0.089228176
316.3000183,0.134702161
316.5,0.109711461
316.7000122,0.107839964
316.8999939,0.100550011
317.1000061,0.039725102
317.3000183,0.087956764
317.5,0.156508297
317.7000122,0.140159786
317.8999939,0.098944262
318.1000061,0.108582996
318.3000183,0.135769427
318.5,0.223999068
318.7000122,0.128570303
318.8999939,0.12069156
319.1000061,0.222232968
319.3000183,0.147350639
319.5,0.201645419
319.7000122,0.165981591
319.8999939,-0.00984979
320.1000061,0.069619186
320.3000183,0.058564585
320.5,0.167628065
320.7000122,0.128765136
320.8999939,0.059935868
321.1000061,0.037573151
321.3000183,0.156709105
321.5,0.197427526
321.7000122,0.089901105
321.8999939,0.019829467
322.1000061,0.106370635
322.3000183,0.154652119
322.5,0.009932755
322.7000122,0.020100301
322.8999939,0.138764992
323.1000061,0.098668955
323.3000183,0.127517238
323.5,0.138289347
323.7000122,0.048473567
323.8999939,0.108936779
324.1000061,0.130392477
324.3000183,0.108945407
324.5,0.108264521
324.7000122,0.040382013
324.8999939,0.029784065
325.1000061,0.173455238
325.3000183,0.138393253
325.5,0.19956097
325.7000122,0.17964071
325.8999939,0.149139464
326.1000061,0.166768029
326.3000183,0.079418659
326.5,0.178380296
326.7000122,0.087986857
326.8999939,0.049237315
327.1000061,0.130757079
327.3000183,0.125327766
327.5,0.16707617
327.7000122,0.087740675
327.8999939,0.148328334
328.1000061,0.349016458
328.3000183,0.116657756
328.5,35.59133148
328.7000122,116.532547
328.8999939,113.5178986
329.1000061,114.0122833
329.3000183,114.951149
329.5,113.9290543
329.7000122,115.289711
329.8999939,113.4649277
330.1000061,114.9068298
330.3000183,115.2587051
330.5,114.864212
330.7000122,113.5924377
330.8999939,115.5658722
331.1000061,112.8616104
331.3000183,114.8439178
331.5,114.7952194
331.7000122,115.0355072
331.8999939,115.12323
332.1000061,113.8415909
332.3000183,115.0526886
332.5,116.0348892
332.7000122,114.2404556
332.8999939,114.5920792
333.1000061,114.4177017
333.3000183,115.2692566
333.5,114.7093353
333.7000122,115.7155762
333.8999939,113.0166245
334.1000061,114.5155258
334.3000183,115.1629486
334.5,114.2648544
334.7000122,115.3022537
334.8999939,114.8706512
335.1000061,114.3005447
335.3000183,115.2913055
335.5,115.2857132
335.7000122,115.5259552
335.8999939,114.6650085
336.1000061,114.0681076
336.3000183,115.93927
336.5,114.9925537
336.7000122,114.5325623
336.8999939,114.7218704
337.1000061,116.0492172
337.3000183,115.707962
337.5,114.3950272
337.7000122,114.1235352
337.8999939,116.6701279
338.1000061,115.3511963
338.3000183,115.5177765
338.5,115.4732666
338.7000122,115.9333572
338.8999939,115.2759628
339.1000061,116.2951126
339.3000183,115.0007172
339.5,114.9296494
339.7000122,116.1550751
339.8999939,115.1272964
340.1000061,114.537056
340.3000183,117.5774841
340.5,115.4450912
340.7000122,116.1155777
340.8999939,115.1992035
341.1000061,114.6566849
341.3000183,115.7663956
341.5,115.4045334
341.7000122,115.7855759
341.8999939,114.6837616
342.1000061,115.7072144
342.3000183,114.4071808
342.5,116.5431747
342.7000122,116.4135971
342.8999939,115.0207596
343.1000061,117.0653458
343.3000183,114.5614777
343.5,115.6721725
343.7000122,116.123848
343.8999939,116.3554459
344.1000061,116.1903305
344.3000183,116.3409195
344.5,115.0770416
344.7000122,115.9766083
344.8999939,115.6796188
345.1000061,116.175354
345.3000183,115.4907532
345.5,116.1285858
345.7000122,116.848114
345.8999939,116.0894928
346.1000061,115.1680222
346.3000183,116.6646042
346.5,115.2203445
346.7000122,115.5275726
346.8999939,116.2741241
347.1000061,114.887146
347.3000183,115.4691391
347.5,115.6502991
347.7000122,116.087471
347.8999939,116.9437866
348.1000061,116.8719635
348.3000183,116.6464615
348.5,116.0738754
348.7000122,116.7031631
348.8999939,117.8993301
349.1000061,116.3705444
349.3000183,115.1941605
349.5,116.5706329
349.7000122,116.0209961
349.8999939,117.4579468
350.1000061,117.7847366
350.3000183,118.3516922
350.5,115.7297134
350.7000122,116.5570526
350.8999939,117.68396
351.1000061,116.4477844
351.3000183,117.4887085
351.5,117.1556396
351.7000122,116.6867981
351.8999939,118.4480667
352.1000061,117.1992645
352.3000183,116.052475
352.5,116.3986206
352.7000122,115.8785858
352.8999939,116.1077042
353.1000061,116.7853317
353.3000183,118.067482
353.5,117.5545197
353.7000122,117.9557266
353.8999939,116.995697
354.1000061,118.1173248
354.3000183,117.7703857
354.5,117.5180893
354.7000122,118.3196182
354.8999939,116.9378433
355.1000061,117.3475189
355.3000183,117.7555161
355.5,115.247139
355.7000122,117.6994324
355.8999939,118.3215866
356.1000061,117.4898224
356.3000183,116.8807373
356.5,117.2166443
356.7000122,117.055687
356.8999939,118.1845016
357.1000061,116.2279434
357.3000183,116.6761093
357.5,116.6753616
357.7000122,117.1279755
357.8999939,118.4211731
358.1000061,117.1014099
358.3000183,116.7509689
358.5,118.5781174
358.7000122,117.2600632
358.8999939,117.8322601
359.1000061,115.917305
359.3000183,116.8520508
359.5,117.8023529
359.7000122,116.7619171
359.8999939,117.5756683
360.1000061,116.0703201
360.3000183,117.4664993
360.5,116.8505249
360.7000122,117.2303848
360.8999939,116.6768112
361.1000061,116.2194672
361.3000183,116.6650391
361.5,116.1488037
361.7000122,116.6418533
361.8999939,116.9429092
362.1000061,117.6544495
362.3000183,117.503624
362.5,117.6705399
362.7000122,118.6912003
362.8999939,116.8983612
363.1000061,116.7230988
363.3000183,118.1734009
363.5,117.166481
363.7000122,116.2744827
363.8999939,117.7900925
364.1000061,117.4070435
364.3000183,117.6453247
364.5,117.9198151
364.7000122,118.4631195
364.8999939,117.8315964
365.1000061,117.1923828
365.3000183,117.7167511
365.5,117.0344391
365.7000122,116.7418747
365.8999939,116.5859299
366.1000061,118.913269
366.3000183,117.41082
366.5,117.505928
366.7000122,117.9096527
366.8999939,115.8495865
367.1000061,116.8064194
367.3000183,116.2158203
367.5,117.3507843
367.7000122,116.0719452
367.8999939,116.3841324
368.1000061,118.3907623
368.3000183,115.7532654
368.5,117.0057831
368.7000122,116.2883987
368.8999939,116.7738876
369.1000061,116.6245422
369.3000183,116.42379
369.5,116.6581116
369.7000122,115.7082291
369.8999939,116.5877991
370.1000061,117.5276337
370.3000183,115.3127975
370.5,116.5048523
370.7000122,116.5503693
370.8999939,116.6418457
371.1000061,117.0998383
371.3000183,116.5106125
371.5,117.1470413
371.7000122,117.1627884
371.8999939,119.1141052
372.1000061,117.2792587
372.3000183,117.9087753
372.5,120.1153183
372.7000122,120.2663345
372.8999939,121.1464386
373.1000061,124.6922836
373.3000183,123.8551865
373.5,126.8578644
373.7000122,126.7928619
373.8999939,128.0399628
374.1000061,125.3776398
374.3000183,127.5988541
374.5,128.1425476
374.7000122,128.1950378
374.8999939,128.0498199
375.1000061,126.8750992
375.3000183,127.1103592
375.5,125.3781052
375.7000122,124.6473465
375.8999939,124.6014786
376.1000061,126.0297928
376.3000183,121.798172
376.5,121.7724915
376.7000122,120.6830673
376.8999939,119.1027756
377.1000061,120.0993881
377.3000183,117.8361435
377.5,119.1599884
377.7000122,119.8233414
377.8999939,118.1436615
378.1000061,118.5043106
378.3000183,118.5063705
378.5,118.8315964
378.7000122,117.4990997
378.8999939,119.0573273
379.1000061,117.3552399
379.3000183,117.6186752
379.5,116.9932556
379.7000122,117.7979279
379.8999939,116.5010605
380.1000061,117.2256699
380.3000183,117.4695129
380.5,117.0485382
380.7000122,117.6792831
380.8999939,117.4321747
381.1000061,116.8112717
381.3000183,116.9613113
381.5,117.1978302
381.7000122,116.9333801
381.8999939,116.7149658
382.1000061,116.9968338
382.3000183,115.8757172
382.5,115.5034714
382.7000122,116.6122665
382.8999939,118.5756226
383.1000061,118.4183197
383.3000183,116.481308
383.5,117.1214294
383.7000122,114.9083786
383.8999939,116.6972122
384.1000061,115.0571289
384.3000183,116.6094666
384.5,116.9262009
384.7000122,116.7938461
384.8999939,117.0370789
385.1000061,117.061409
385.3000183,117.9967346
385.5,115.5037842
385.7000122,116.2589874
385.8999939,118.1758652
386.1000061,117.6057205
386.3000183,117.7791824
386.5,117.1516342
386.7000122,116.3158264
386.8999939,115.9567337
387.1000061,117.6659241
387.3000183,116.9831085
387.5,118.2785492
387.7000122,117.4855652
387.8999939,115.7493439
388.1000061,116.1808777
388.3000183,117.7690277
388.5,117.4052048
388.7000122,116.7705078
388.8999939,116.3794403
389.1000061,116.825798
389.3000183,116.9831543
389.5,116.3498764
389.7000122,116.2100525
389.8999939,116.3223648
390.1000061,116.9769287
390.3000183,117.5071106
390.5,116.3210983
390.7000122,115.568306
390.8999939,116.0500107
391.1000061,115.5234299
391.3000183,116.3065567
391.5,117.60112
391.7000122,116.0767212
391.8999939,116.0233536
392.1000061,117.2074432
392.3000183,116.9681625
392.5,113.9011154
392.7000122,117.34935
392.8999939,115.8847122
393.1000061,116.4617767
393.3000183,116.6440201
393.5,116.3502426
393.7000122,116.6669846
393.8999939,115.9651718
394.1000061,117.7563095
394.3000183,116.9484634
394.5,116.2989731
394.7000122,116.4146881
394.8999939,117.4535828
395.1000061,115.2704697
395.3000183,116.4222336
395.5,117.6204529
395.7000122,117.9133987
395.8999939,116.9913025
396.1000061,117.1058273
396.3000183,117.8978577
396.5,118.0292892
396.7000122,117.8783112
396.8999939,118.0597229
397.1000061,117.6650772
397.3000183,117.5204239
397.5,116.406311
397.7000122,116.5389557
397.8999939,117.8613892
398.1000061,116.4029846
398.3000183,117.662323
398.5,118.1593857
398.7000122,116.3845749
398.8999939,116.5477676
399.1000061,117.227684
399.3000183,118.1637726
399.5,117.2852936
399.7000122,117.235672
399.8999939,116.2445526
400.1000061,116.6187134
400.3000183,117.6007004
400.5,118.3475723
400.7000122,117.1533813
400.8999939,118.3606262
401.1000061,116.5448761
401.3000183,117.7451248
401.5,117.3846893
401.7000122,117.2755585
401.8999939,118.0910416
402.1000061,115.8648224
402.3000183,117.384552
402.5,116.1208801
402.7000122,117.977417
402.8999939,117.1723709
403.1000061,116.0987549
403.3000183,117.3025818
403.5,117.2001266
403.7000122,117.1990585
403.8999939,117.2085953
404.1000061,116.086319
404.3000183,117.9332962
404.5,117.7915649
404.7000122,117.6869965
404.8999939,117.5296326
405.1000061,116.5377502
405.3000183,117.0223312
405.5,116.5480728
405.7000122,116.2859116
405.8999939,118.8579178
406.1000061,117.1506729
406.3000183,117.5477066
406.5,118.7527771
406.7000122,116.7697372
406.8999939,116.6666641
407.1000061,117.897171
407.3000183,117.3385239
407.5,116.4197922
407.7000122,116.7687073
407.8999939,118.6110153
408.1000061,115.3721313
408.3000183,116.9206161
408.5,116.5628204
408.7000122,117.0425415
408.8999939,117.4808273
409.1000061,118.2180405
409.3000183,117.6145706
409.5,117.863121
409.7000122,117.8946533
409.8999939,117.4783401
410.1000061,117.7305908
410.3000183,117.376976
410.5,116.5370102
410.7000122,115.5685654
410.8999939,116.1863098
411.1000061,116.0404205
411.3000183,116.4055405
411.5,116.452713
411.7000122,116.8762589
411.8999939,116.9797745
412.1000061,116.6774902
412.3000183,116.5320282
412.5,116.7795792
412.7000122,117.3772583
412.8999939,114.9996109
413.1000061,118.398201
413.3000183,117.6698837
413.5,116.6593781
413.7000122,117.5077133
413.8999939,117.9599609
414.1000061,116.920929
414.3000183,116.6677933
414.5,117.6839676
414.7000122,118.1591873
414.8999939,116.6554871
415.1000061,116.7944489
415.3000183,116.7115326
415.5,116.9815979
415.7000122,117.4437332
415.8999939,116.5572052
416.1000061,117.998497
416.3000183,116.9975204
416.5,117.6271744
416.7000122,117.380806
416.8999939,117.3024139
417.1000061,117.9403763
417.3000183,115.5805969
417.5,115.8639374
417.7000122,116.480629
417.8999939,117.7294769
418.1000061,117.8803101
418.3000183,117.6149216
418.5,117.2814484
418.7000122,116.2528229
418.8999939,116.1534042
419.1000061,116.8031616
419.3000183,118.9295578
419.5,117.1735535
419.7000122,117.1425552
419.8999939,118.2602386
420.1000061,116.5773926
420.3000183,117.3514099
420.5,116.1841049
420.7000122,118.9138718
420.8999939,116.7948456
421.1000061,116.4873352
421.3000183,117.4379272
421.5,116.8071442
421.7000122,108.0157318
421.8999939,6.249020576
422.1000061,0.058507472
422.3000183,0.2012593
422.5,0.239355832
422.7000122,0.075013131
422.8999939,0.12640135
423.1000061,0.142474502
423.3000183,0.089299001
423.5,0.163263738
423.7000122,0.127487227
423.8999939,0.095468134
424.1000061,0.138877869
424.3000183,0.105598651
424.5,0.115640357
424.7000122,0.171619803
424.8999939,0.095730424
425.1000061,0.133400664
425.3000183,0.085567594
425.5,0.136355236
425.7000122,0.067121178
425.8999939,0.143422648
426.1000061,-0.060738582
426.3000183,0.224077627
426.5,0.164534167
426.7000122,0.148129121
426.8999939,0.087602325
427.1000061,-0.009453761
427.3000183,0.117067456
427.5,0.078323103
427.7000122,0.116675906
427.8999939,0.192267016
428.1000061,0.030130163
428.3000183,0.206733599
428.5,0.116121538
428.7000122,0.087682553
