Capacity Cal,
Time (s),Intensity (a.u.)
0.100000002,163.2476501
0.300000012,163.8893127
0.5,165.2552948
0.699999988,164.9325714
0.900000036,163.1838837
1.100000024,163.4180298
1.300000072,165.0377655
1.5,165.0957947
1.700000048,164.0234985
1.899999976,163.7638855
2.100000143,163.2991333
2.299999952,164.0256805
2.5,163.9122925
2.700000048,162.6052551
2.900000095,164.51091
3.100000143,163.7033539
3.299999952,162.6608124
3.5,164.1544952
3.700000048,164.2658997
3.900000095,164.3488312
4.099999905,163.7052307
4.300000191,165.3855743
4.5,163.5347595
4.700000286,164.6189117
4.900000095,164.193161
5.099999905,164.5600586
5.300000191,163.0719757
5.5,164.5512543
5.700000286,163.5819244
5.900000095,164.8562317
6.099999905,163.7951508
6.300000191,165.1732941
6.5,164.4907227
6.700000286,164.9337006
6.900000095,165.7648468
7.099999905,165.7597504
7.300000191,165.134964
7.5,164.2854919
7.700000286,166.1996765
7.900000095,162.1244965
8.100000381,165.1905365
8.300000191,165.3107605
8.5,165.6695709
8.699999809,165.8509216
8.900000572,164.8791046
9.100000381,165.0916748
9.300000191,164.5213165
9.5,164.3173676
9.699999809,163.4945831
9.900000572,163.4671326
10.10000038,165.921524
10.30000019,164.0187378
10.5,164.4748077
10.69999981,165.5349121
10.90000057,163.7045746
11.10000038,163.287384
11.30000019,165.0831299
11.5,163.8238831
11.69999981,164.0952911
11.90000057,164.3768768
12.10000038,163.4759979
12.30000019,162.7902069
12.5,163.9725647
12.69999981,162.451004
12.90000057,165.2256622
13.10000038,162.8497162
13.30000019,161.7039948
13.5,163.0092468
13.69999981,162.8826447
13.90000057,164.4226685
14.10000038,163.451355
14.30000019,163.7840729
14.5,163.2107697
14.69999981,162.0587311
14.90000057,162.675293
15.10000038,162.7683716
15.30000019,164.4911957
15.5,164.5275269
15.69999981,164.333725
15.90000057,163.4945984
16.10000038,162.7251892
16.30000114,164.3751984
16.5,161.0368347
16.70000076,161.8669434
16.89999962,163.3213806
17.10000038,163.1190796
17.30000114,164.2442932
17.5,164.2028656
17.70000076,162.9749908
17.89999962,164.0830536
18.10000038,162.3699951
18.30000114,163.3485718
18.5,162.6567993
18.70000076,162.769165
18.89999962,162.9102325
19.10000038,162.9156494
19.30000114,163.5562592
19.5,163.1952972
19.70000076,163.6273499
19.89999962,161.9105835
20.10000038,162.1365204
20.30000114,162.8565979
20.5,164.1347198
20.70000076,162.5362701
20.89999962,164.6015625
21.10000038,163.489212
21.30000114,163.2054443
21.5,163.0499878
21.70000076,163.9562073
21.89999962,162.07164
22.10000038,163.3143616
22.30000114,162.4786682
22.5,161.7216034
22.70000076,163.5355988
22.89999962,164.5863037
23.10000038,163.1631927
23.30000114,164.5281067
23.5,162.4191742
23.70000076,162.1816559
23.89999962,162.3977356
24.10000038,162.2861176
24.30000114,164.1214752
24.5,161.3128815
24.70000076,161.9476318
24.89999962,161.3145599
25.10000038,163.269455
25.30000114,162.1885223
25.5,163.6881714
25.70000076,162.4946289
25.89999962,163.2525482
26.10000038,162.5248718
26.30000114,162.1405792
26.5,162.1722107
26.70000076,163.3830414
26.89999962,163.4792938
27.10000038,161.0062103
27.30000114,162.9958801
27.5,155.6285248
27.70000076,4.734888554
27.89999962,0.237634882
28.10000038,0.226398006
28.30000114,0.043431055
28.5,0.064665623
28.70000076,0.166311532
28.89999962,0.129430294
29.10000038,0.104438648
29.30000114,0.127854079
29.5,0.138890371
29.70000076,0.186123908
29.89999962,0.149976432
30.10000038,0.095448181
30.30000114,0.264511079
30.5,0.135535255
30.70000076,0.128683567
30.89999962,0.137532666
31.10000038,0.146379203
31.30000114,0.177766621
31.5,0.178682163
31.70000076,0.170748621
31.89999962,0.160856187
32.10000229,0.073049828
32.29999924,0.13541244
32.5,0.094081245
32.70000076,0.21506533
32.90000153,0.157741979
33.10000229,0.156990811
33.29999924,0.188651562
33.5,0.031192813
33.70000076,0.104862474
33.90000153,0.178040296
34.10000229,0.084428266
34.29999924,0.16060473
34.5,0.092982888
34.70000076,0.176515162
34.90000153,0.170942009
35.10000229,0.1078109
35.29999924,0.126462221
35.5,0.052703701
35.70000076,0.126996219
35.90000153,0.074959308
36.10000229,0.082852617
36.29999924,0.074371554
36.5,0.187969923
36.70000076,0.105471879
36.90000153,0.091004692
37.10000229,0.168109611
37.29999924,0.052381802
37.5,0.129208714
37.70000076,0.188695058
37.90000153,0.146142364
38.10000229,0.097087383
38.29999924,0.136302635
38.5,0.174016297
38.70000076,0.169961438
38.90000153,0.171782568
39.10000229,0
39.29999924,0.041688379
39.5,0.074316286
39.70000076,0.092394874
39.90000153,0.091399319
40.10000229,0.031178871
40.29999924,0.123356529
40.5,0.097668968
40.70000076,0.095566764
40.90000153,0.200010523
41.10000229,0.176801547
41.29999924,0.106673494
41.5,0.148833245
41.70000076,0.135010228
41.90000153,0.063451782
42.10000229,0
42.29999924,0.196118906
42.5,0.147238225
42.70000076,-0.021365695
42.90000153,0
43.10000229,0.083599806
43.29999924,0.031330939
43.5,0.187433615
43.70000076,0.086721808
43.90000153,0.12474142
44.10000229,0.115481928
44.29999924,0.060908757
44.5,0.096092246
44.70000076,0.203217253
44.90000153,-0.030596009
45.10000229,0.139354885
45.29999924,0.15943031
45.5,0.170592055
45.70000076,0.138977975
45.90000153,0.173447371
46.10000229,0.155120537
46.29999924,0.13667953
46.5,0.021190032
46.70000076,0.010472849
46.90000153,0.14903447
47.10000229,0.065024443
47.29999924,0.041137028
47.5,0.083739817
47.70000076,0.06389232
47.90000153,0.167971939
48.10000229,0.075778082
48.29999924,0.159220457
48.5,0.092031129
48.70000076,0.156802073
48.90000153,0.125026047
49.10000229,0.203341216
49.29999924,0.139135644
49.5,0.146956936
49.70000076,0.123793013
49.90000153,0.020673543
50.10000229,0.073682666
50.29999924,0.195130408
50.5,0.216354325
50.70000076,0.239132464
50.90000153,0.156368896
51.10000229,0.051968031
51.29999924,0.103328206
51.5,0.223623127
51.70000076,0.146429718
51.90000153,0.084546037
52.10000229,0.126929045
52.29999924,0.17263791
52.5,0
52.70000076,0.152324468
52.90000153,0.229453474
53.10000229,0.139192253
53.29999924,0.189907476
53.5,0.130684778
53.70000076,0.13493456
53.90000153,0.129749581
54.10000229,0.278629154
54.29999924,0.08179123
54.5,86.90911102
54.70000076,233.9042053
54.90000153,238.2784729
55.10000229,239.7515564
55.29999924,238.3140717
55.5,237.8995667
55.70000076,235.6985321
55.90000153,238.4369049
56.10000229,237.3594513
56.29999924,239.2381134
56.5,237.9025574
56.70000076,238.6224518
56.90000153,239.9599762
57.10000229,238.0466919
57.29999924,239.1775208
57.5,237.4607697
57.70000076,238.4098969
57.90000153,239.5942993
58.10000229,239.1604462
58.29999924,238.214447
58.5,238.0235138
58.70000076,237.6018372
58.90000153,238.8761902
59.10000229,237.8527222
59.29999924,237.6168213
59.5,237.0514984
59.70000076,239.0176697
59.90000153,238.7322235
60.10000229,238.1821289
60.29999924,239.7734222
60.5,238.9492035
60.70000076,237.7843933
60.90000153,238.9216461
61.10000229,238.8526611
61.29999924,235.2915955
61.5,238.6483612
61.70000076,236.9726563
61.90000153,237.2089081
62.10000229,236.6430206
62.29999924,237.244812
62.5,236.3009338
62.70000076,236.3318481
62.90000153,235.7166138
63.10000229,238.2915649
63.29999924,237.3036957
63.5,234.8579712
63.70000076,235.710556
63.90000153,237.8357697
64.09999847,237.8852844
64.30000305,236.1547699
64.5,238.0476074
64.70000458,236.208313
64.90000153,234.5134125
65.09999847,235.4900665
65.30000305,237.2314606
65.5,235.5611877
65.70000458,235.7447968
65.90000153,234.976944
66.09999847,234.2144165
66.30000305,235.8213654
66.5,235.7920227
66.70000458,233.8135986
66.90000153,236.0623169
67.09999847,236.1494751
67.30000305,234.1087494
67.5,233.9472198
67.70000458,236.1941223
67.90000153,239.693924
68.09999847,246.4127502
68.30000305,159.8428345
68.5,0.519982934
68.70000458,0
68.90000153,0.103802271
69.09999847,0.1358511
69.30000305,0.116677456
69.5,0.241911739
69.70000458,0.074263468
69.90000153,0.063254438
70.09999847,0.175534606
70.30000305,0.157212928
70.5,0.083775774
70.70000458,0.155887887
70.90000153,0.115372919
71.09999847,0.157695547
71.30000305,0.220720395
71.5,0.205326155
71.70000458,0.178462699
71.90000153,0.062006533
72.09999847,0.105681434
72.30000305,0.146807462
72.5,0.210417777
72.70000458,0.112995513
72.90000153,0.062442765
73.09999847,0.114358187
73.30000305,0.183439493
73.5,0.08187075
73.70000458,0.030901393
73.90000153,0.17714791
74.09999847,0.11442481
74.30000305,0.226358399
74.5,0.05277212
74.70000458,0.010356577
74.90000153,0.125308052
75.09999847,0.206466526
75.30000305,0.112128198
75.5,0.02064516
75.70000458,0.114778213
75.90000153,0.051774308
76.09999847,0.168555901
76.30000305,-0.021165814
76.5,-0.021097047
76.70000458,0.157397687
76.90000153,0
77.09999847,0.146938428
77.30000305,0.123093344
77.5,0.164198563
77.70000458,0.135637075
77.90000153,0.179972261
78.09999847,0.092411004
78.30000305,0.094472319
78.5,0.125372201
78.70000458,0.207623944
78.90000153,0.072631441
79.09999847,0.073052876
79.30000305,0.124291793
79.5,0.145648241
79.70000458,0.196431145
79.90000153,0.124329135
80.09999847,0.084841028
80.30000305,0.199146822
80.5,0.216682479
80.70000458,0.041363336
80.90000153,0.205869332
81.09999847,0.093400717
81.30000305,0.062343489
81.5,0.1156203
81.70000458,0.167555064
81.90000153,0.114994198
82.09999847,0.137679771
82.30000305,0.133925349
82.5,0.021041336
82.70000458,0.09382721
82.90000153,0.139111832
83.09999847,0.187973857
83.30000305,0.154607311
83.5,0.10362909
83.70000458,0.19450672
83.90000153,0.123840287
84.09999847,0.155210406
84.30000305,0.031092593
84.5,0.103097037
84.70000458,0.052000999
84.90000153,0.13416031
85.09999847,0.122551531
85.30000305,0
85.5,0.133489415
85.70000458,0.06165228
85.90000153,0.175505608
86.09999847,0.144456491
86.30000305,0.010219828
86.5,0.123228587
86.70000458,0.183263928
86.90000153,0.143168315
87.09999847,0.040756024
87.30000305,0.153939307
87.5,0.153760999
87.70000458,0.134150609
87.90000153,0.143941119
88.09999847,0.071214929
88.30000305,0.143840551
88.5,-0.010735258
88.70000458,0.265364617
88.90000153,0.062654674
89.09999847,0.217238382
89.30000305,0.052583423
89.5,0.127825484
89.70000458,0.158480287
89.90000153,0.143889323
90.09999847,0.073152125
90.30000305,0.021024967
90.5,0.157906368
90.70000458,0.208214045
90.90000153,0.229133248
91.09999847,0.147116005
91.30000305,0.08115977
91.5,0.104165584
91.70000458,0.092215009
91.90000153,0.248239055
92.09999847,0.200432509
92.30000305,0.083614662
92.5,0.136524513
92.70000458,0.102933608
92.90000153,0.179205805
93.09999847,0.052883752
93.30000305,0.114615567
93.5,0.072525337
93.70000458,0.167308018
93.90000153,0.062787123
94.09999847,0.062267143
94.30000305,0.052841835
94.5,0.207364723
94.70000458,0.010497696
94.90000153,0.083755597
95.09999847,0.215005219
95.30000305,0.170261666
95.5,0.094478272
95.70000458,0.578545451
95.90000153,0.072556905
96.09999847,248.9438324
96.30000305,289.8592224
96.5,296.0420837
96.70000458,289.2297058
96.90000153,290.7322693
97.09999847,288.5475464
97.30000305,287.8841248
97.5,288.8691406
97.70000458,289.2344666
97.90000153,288.9202881
98.09999847,286.4819946
98.30000305,286.6960144
98.5,288.7577209
98.70000458,286.4699707
98.90000153,287.9735107
99.09999847,288.8182678
99.30000305,286.2882996
99.5,287.2510376
99.70000458,287.344574
99.90000153,287.9153748
100.0999985,287.2688599
100.3000031,289.3682861
100.5,284.5748596
100.7000046,286.354126
100.9000015,288.2805786
101.0999985,288.6820068
101.3000031,285.1286011
101.5,287.8130188
101.7000046,289.7979736
101.9000015,287.6671448
102.0999985,289.3374939
102.3000031,286.5239563
102.5,286.4713135
102.7000046,288.9473267
102.9000015,288.0216675
103.0999985,287.3936462
103.3000031,289.5300598
103.5,290.844635
103.7000046,285.8411865
103.9000015,289.3887939
104.0999985,289.7600403
104.3000031,288.7720337
104.5,289.0569153
104.7000046,286.3607178
104.9000015,287.0044556
105.0999985,287.5374756
105.3000031,287.785553
105.5,286.3863831
105.7000046,289.6283569
105.9000015,289.6399536
106.0999985,287.0648193
106.3000031,286.6786499
106.5,288.8619995
106.7000046,286.6494141
106.9000015,288.62854
107.0999985,288.8916321
107.3000031,288.2014771
107.5,290.3071594
107.7000046,290.0482483
107.9000015,289.9885864
108.0999985,288.1965332
108.3000031,288.7656555
108.5,288.0824585
108.7000046,289.5017395
108.9000015,287.9497681
109.0999985,287.7030334
109.3000031,289.0724792
109.5,286.9190063
109.7000046,288.817749
109.9000015,288.0977783
110.0999985,290.126709
110.3000031,289.1505432
110.5,287.0460205
110.7000046,288.1004028
110.9000015,287.8462524
111.0999985,287.2931213
111.3000031,289.5314941
111.5,287.889679
111.7000046,290.2672119
111.9000015,287.5218506
112.0999985,289.6385803
112.3000031,288.8021545
112.5,286.545105
112.7000046,290.0489807
112.9000015,288.9823303
113.0999985,286.3204651
113.3000031,288.2287598
113.5,288.6626282
113.7000046,288.866394
113.9000015,288.8138733
114.0999985,291.9880981
114.3000031,287.4625549
114.5,290.0088501
114.7000046,288.9302673
114.9000015,287.8138733
115.0999985,286.8626099
115.3000031,289.7404785
115.5,288.2405396
115.7000046,288.6985168
115.9000015,289.1682739
116.0999985,289.6126404
116.3000031,289.4155579
116.5,289.5543213
116.7000046,287.4039001
116.9000015,286.7011414
117.0999985,289.1058655
117.3000031,286.3069763
117.5,270.302124
117.7000046,36.4842453
117.9000015,2.163095474
118.0999985,0.104794346
118.3000031,0.164373994
118.5,0.13770166
118.7000046,0.306203693
118.9000015,0.260462791
119.0999985,0.122177199
119.3000031,0.070860244
119.5,0.228635564
119.7000046,0.148837581
119.9000015,0.189992398
120.0999985,0.137903228
120.3000031,0.136098579
120.5,0.145813584
120.7000046,0.040539581
120.9000015,0.041502815
121.0999985,0
121.3000031,0.051044889
121.5,0.085025877
121.7000046,0.08212541
121.9000015,0.148311377
122.0999985,0.104182944
122.3000031,0.165048838
122.5,0.148352236
122.7000046,0.14466995
122.9000015,0.062574305
123.0999985,0.156368896
123.3000031,0.010484708
123.5,0.239705682
123.7000046,0.084840134
123.9000015,0.116668791
124.0999985,0.031113876
124.3000031,0.07152199
124.5,0.08275234
124.7000046,0.094831675
124.9000015,0.074669853
125.0999985,0.052375767
125.3000031,0.167493671
125.5,0.158252895
125.7000046,0.175070033
125.9000015,0.10167665
126.0999985,0.043234833
126.3000031,0.155274689
126.5,0.258542687
126.7000046,0.207253888
126.9000015,0.071006157
127.0999985,0.247780755
127.3000031,0.127064809
127.5,0.10610418
127.7000046,0.23531425
127.9000015,0.157142103
128.1000061,0.140249416
128.3000031,0.082911864
128.5,0.148101121
128.6999969,0.114051096
128.9000092,0.083945438
129.1000061,0.202668831
129.3000031,0.104953818
129.5,0.223775625
129.6999969,0.196815729
129.9000092,0.156150788
130.1000061,0.062866725
130.3000031,0.124619648
130.5,0.146366969
130.6999969,0.201807782
130.9000092,0.219438031
131.1000061,0.103872366
131.3000031,0.186267927
131.5,0.084670417
131.6999969,0.159264416
131.9000092,0.144044787
132.1000061,0.152867794
132.3000031,0.095058039
132.5,0
132.6999969,0.093070388
132.9000092,0.157245889
133.1000061,0.075396098
133.3000031,0.160141781
133.5,0.094580539
133.6999969,0.052569047
133.9000092,0.072980523
134.1000061,0.205973223
134.3000031,0.084519237
134.5,0.143273801
134.6999969,0.084148526
134.9000092,-0.031337813
135.1000061,0.125338152
135.3000031,0.083741575
135.5,0.209731549
135.6999969,0.194949776
135.9000092,0.085157119
136.1000061,0.238980904
136.3000031,0.09339878
136.5,0.157737002
136.6999969,0.117232047
136.9000092,0.20398961
137.1000061,0.030741168
137.3000031,0.020209778
137.5,2.12438035
137.6999969,4.086439133
137.9000092,246.389801
138.1000061,347.7870789
138.3000031,346.538147
138.5,347.3106995
138.6999969,346.7489929
138.9000092,344.7540588
139.1000061,348.677948
139.3000031,348.0419922
139.5,346.0723267
139.6999969,345.6109924
139.9000092,344.853302
140.1000061,346.6210938
140.3000031,347.38974
140.5,346.6509094
140.6999969,344.0197754
140.9000092,347.2049866
141.1000061,347.0470276
141.3000031,344.5560608
141.5,345.2389832
141.6999969,347.4124451
141.9000092,346.1473999
142.1000061,343.9278564
142.3000031,346.1286926
142.5,344.3757324
142.6999969,347.3346558
142.9000092,348.6101685
143.1000061,342.6874695
143.3000031,345.641449
143.5,343.1392212
143.6999969,345.9884338
143.9000092,346.8023682
144.1000061,343.8345947
144.3000031,344.5125122
144.5,344.2594299
144.6999969,348.1731567
144.9000092,344.6619263
145.1000061,346.7250061
145.3000031,346.1781006
145.5,344.3781738
145.6999969,345.3355103
145.9000092,344.5759888
146.1000061,346.4274597
146.3000031,343.1947937
146.5,344.5915527
146.6999969,344.8851624
146.9000092,346.6163635
147.1000061,344.7778015
147.3000031,346.3549194
147.5,345.3087158
147.6999969,345.0096741
147.9000092,343.6141052
148.1000061,344.4621887
148.3000031,344.6715393
148.5,342.8646545
148.6999969,348.8956604
148.9000092,345.1012268
149.1000061,345.9275513
149.3000031,346.6991577
149.5,346.4909363
149.6999969,346.4396362
149.9000092,343.7572327
150.1000061,345.9525757
150.3000031,345.4854126
150.5,347.4271851
150.6999969,344.0226135
150.9000092,346.4592285
151.1000061,346.4026184
151.3000031,345.7845764
151.5,344.9898376
151.6999969,346.0771484
151.9000092,346.6994629
152.1000061,348.5422974
152.3000031,346.6964417
152.5,347.3512878
152.6999969,344.6980286
152.9000092,348.5185547
153.1000061,348.364624
153.3000031,347.7255859
153.5,347.1106262
153.6999969,348.2724609
153.9000092,351.8582764
154.1000061,352.3092957
154.3000031,348.39328
154.5,348.9621277
154.6999969,346.5658264
154.9000092,345.545929
155.1000061,345.5847778
155.3000031,166.7580719
155.5,0.53514272
155.6999969,0.124658488
155.9000092,0.132766858
156.1000061,0.041966993
156.3000031,0.202240825
156.5,0.132147402
156.6999969,0.24463661
156.9000092,0.137110546
157.1000061,0.073322997
157.3000031,0.197476462
157.5,0.156548426
157.6999969,0.063384078
157.9000092,0.115273774
158.1000061,0.08332292
158.3000031,0.150767401
158.5,0.11511936
158.6999969,0.215280846
158.9000092,0.15607442
159.1000061,0.084269956
159.3000031,0.010453144
159.5,0.193658203
159.6999969,0.10400632
159.9000092,0.03165058
160.1000061,0.1761439
160.3000031,0.084629215
160.5,0.010233739
160.6999969,0.092209339
160.9000092,0.19106251
161.1000061,-0.010239922
161.3000031,0.200481147
161.5,0.106077164
161.6999969,0.094269462
161.9000092,0.093936898
162.1000061,0.094716907
162.3000031,0.22676672
162.5,0.094538808
162.6999969,0.103721529
162.9000092,0.128306568
163.1000061,0.080371313
163.3000031,0.147729188
163.5,0.165672645
163.6999969,0.145038649
163.9000092,0.176047221
164.1000061,0.165878743
164.3000031,0.164554879
164.5,0.127712563
164.6999969,0.052722596
164.9000092,0.052222595
165.1000061,0.199741393
165.3000031,0.200046331
165.5,0.122996196
165.6999969,0.168756783
165.9000092,0
166.1000061,0.10343615
166.3000031,0.168035463
166.5,0.115174808
166.6999969,0.042585358
166.9000092,0.01045074
167.1000061,0.105321914
167.3000031,0.211546198
167.5,0.210022256
167.6999969,0.093407504
167.9000092,0.137098998
168.1000061,0.195835903
168.3000031,0.10178221
168.5,0.133290961
168.6999969,0.112194523
168.9000092,0.084294818
169.1000061,0.081955455
169.3000031,0.150240392
169.5,0.171808392
169.6999969,0.218000621
169.9000092,0.167110562
170.1000061,0.191357046
170.3000031,0.135225102
170.5,0.145035639
170.6999969,0.15310654
170.9000092,0.09332034
171.1000061,0.184090495
171.3000031,0.040058084
171.5,0.020951184
171.6999969,0.030542433
171.9000092,-0.010214921
172.1000061,0.040756442
172.3000031,0.179967612
172.5,0.094927691
172.6999969,0.104140632
172.9000092,0
173.1000061,0.072829425
173.3000031,0.072327502
173.5,0.173315525
173.6999969,0.112336598
173.9000092,0.123402208
174.1000061,0.135939196
174.3000031,0.073307641
174.5,0.12237531
174.6999969,0.140273541
174.9000092,0.241881207
175.1000061,0.135278583
175.3000031,0.146406755
175.5,0.144821093
175.6999969,0.124478743
175.9000092,0.159868687
176.1000061,0.115285851
176.3000031,0.25074178
176.5,0.16765514
176.6999969,16.78082466
176.9000092,464.4535828
177.1000061,475.2235413
177.3000031,467.2739258
177.5,466.8275146
177.6999969,465.473053
177.9000092,465.0874634
178.1000061,466.4630737
178.3000031,465.766571
178.5,467.2519531
178.6999969,466.6646118
178.9000092,466.5888672
179.1000061,463.9393311
179.3000031,465.1196594
179.5,464.7703552
179.6999969,466.1291809
179.9000092,464.0929871
180.1000061,466.0819092
180.3000031,466.1281433
180.5,465.7747498
180.6999969,468.0322876
180.9000092,466.0570679
181.1000061,466.0892944
181.3000031,467.4485474
181.5,465.6314697
181.6999969,466.2371826
181.9000092,467.0375366
182.1000061,469.6535339
182.3000031,465.7808228
182.5,465.1036072
182.6999969,465.5944519
182.9000092,466.0149231
183.1000061,465.6425171
183.3000031,468.5029602
183.5,464.6368408
183.6999969,467.6255798
183.9000092,468.5942993
184.1000061,466.3497009
184.3000031,464.8536377
184.5,464.1186523
184.6999969,467.0506897
184.9000092,464.1931763
185.1000061,466.5636902
185.3000031,468.1599121
185.5,466.7658997
185.6999969,465.955658
185.9000092,467.5088806
186.1000061,464.771637
186.3000031,467.7025452
186.5,468.0795898
186.6999969,467.8975525
186.9000092,465.3670959
187.1000061,472.3137207
187.3000031,466.4643555
187.5,467.4880981
187.6999969,466.7189331
187.9000092,468.0553589
188.1000061,465.3912048
188.3000031,470.0955811
188.5,465.3280945
188.6999969,466.3272705
188.9000092,466.1286621
189.1000061,467.2306213
189.3000031,468.3475952
189.5,467.7873535
189.6999969,464.7656555
189.9000092,466.8099365
190.1000061,463.8378296
190.3000031,466.6156311
190.5,465.5513916
190.6999969,452.6797485
190.9000092,17.99881363
191.1000061,0.063633472
191.3000031,0.135078967
191.5,0.031314585
191.6999969,0.061349064
191.9000092,0.135651231
192.1000061,0.155303612
192.3000031,0.147094369
192.5,0.122581564
192.6999969,0.198651269
192.9000092,0.133463368
193.1000061,0.12971203
193.3000031,0.102075189
193.5,0.164269373
193.6999969,0.228298649
193.9000092,0.256112009
194.1000061,0.172585324
194.3000031,0.114644237
194.5,0.146379203
194.6999969,0.093319371
194.9000092,0.062667109
195.1000061,0.134722009
195.3000031,0.159164697
195.5,0.010128736
195.6999969,0.133467495
195.9000092,0.142361775
196.1000061,0.127939954
196.3000031,0.083910212
196.5,0
196.6999969,0.094797708
196.9000092,0.113350645
197.1000061,0.083432406
197.3000031,0.146484897
197.5,0.145719484
197.6999969,0.166706607
197.9000092,0.050760906
198.1000061,0.174166054
198.3000031,0.19967632
198.5,0.142403781
198.6999969,0.18463999
198.9000092,-0.021149026
199.1000061,0.063551918
199.3000031,0
199.5,0
199.6999969,0.073026203
199.9000092,0.093951605
200.1000061,0.146572307
200.3000031,0.232826412
200.5,0.053096592
200.6999969,0.162891313
200.9000092,0.24615635
201.1000061,0.103506811
201.3000031,0.103131063
201.5,0.063477956
201.6999969,0.062184546
201.9000092,0.178994462
202.1000061,0.203853905
202.3000031,-0.020390892
202.5,0.222573161
202.6999969,0.113414921
202.9000092,0.177028
203.1000061,0.095947802
203.3000031,0.116811268
203.5,0.210273981
203.6999969,0
203.9000092,0.196264759
204.1000061,0.062836438
204.3000031,0.149844796
204.5,0.103707545
204.6999969,0.073657073
204.9000092,0.092149861
205.1000061,0.158211157
205.3000031,0.219803229
205.5,0.095588081
205.6999969,0.157381177
205.9000092,0.225206778
206.1000061,0.204553366
206.3000031,0.130016476
206.5,0.142081499
206.6999969,0.143911511
206.9000092,0.211774677
207.1000061,0.082966037
207.3000031,0.160566911
207.5,0.01092335
207.6999969,0.14654468
207.9000092,0.062388871
208.1000061,0.148115233
208.3000031,0.171247542
208.5,0.148160696
208.6999969,0.128631145
208.9000092,0.155403376
209.1000061,0.106581397
209.3000031,0.082634382
209.5,0.062154263
209.6999969,0.164693773
209.9000092,0.199978948
210.1000061,0.17486833
210.3000031,0.235046446
210.5,0.072898448
210.6999969,0.082380809
210.9000092,0.074055262
211.1000061,0.16174686
211.3000031,0.31639564
211.5,0.051728237
211.6999969,0.041481297
211.9000092,0.1364142
212.1000061,0.042097285
212.3000031,0.116171002
212.5,0.170801491
212.6999969,0.180151552
212.9000092,0.083370678
213.1000061,0.093666084
213.3000031,0.12760663
213.5,0.224629626
213.6999969,0.156795517
213.9000092,0.128738791
214.1000061,0.040493205
214.3000031,0.11395894
214.5,0.178729132
214.6999969,0.063595027
214.9000092,0.051649157
215.1000061,0.106886715
215.3000031,0.146023467
215.5,0.234291807
215.6999969,0.231932953
215.9000092,0.155091658
216.1000061,0.030843254
216.3000031,0.187820852
216.5,0.165173233
216.6999969,0.06188757
216.9000092,0.145971701
217.1000061,0.120242894
217.3000031,0.142775565
217.5,0.062197432
217.6999969,0.020485505
217.9000092,0.083143666
218.1000061,0.114498653
218.3000031,0.124218449
218.5,0.122974761
218.6999969,0.197671637
218.9000092,0.021364098
219.1000061,0.104163408
219.3000031,0.148687825
219.5,0.27912271
219.6999969,0.214522123
219.9000092,0.062283304
220.1000061,0.113168724
220.3000031,0.093612507
220.5,0.147519052
220.6999969,0.192084
220.9000092,0.270489574
221.1000061,0.051274166
221.3000031,0.021234805
221.5,0.319128573
221.6999969,-0.010653825
221.9000092,0.186904252
222.1000061,0.104263328
222.3000031,0.115156718
222.5,0.244247466
222.6999969,0.092838064
222.9000092,0.165602326
223.1000061,0.175652504
223.3000031,0.231924981
223.5,0.135555044
223.6999969,0.061098553
223.9000092,0.177144229
224.1000061,0.179704011
224.3000031,0.177288324
224.5,0.17317076
224.6999969,0.209108785
224.9000092,0.222064778
225.1000061,-0.01021367
225.3000031,0.083721414
225.5,0.072355166
225.6999969,0.253630072
225.9000092,0.062994115
226.1000061,0.211533621
226.3000031,0.132833332
226.5,0.06303779
226.6999969,0.073703609
226.9000092,0.101571307
227.1000061,-0.031919308
227.3000031,0.031617887
227.5,0.010629025
227.6999969,4.479606628
227.9000092,0.132746533
228.1000061,292.8527222
228.3000031,523.065918
228.5,520.0411987
228.6999969,521.9233398
228.9000092,522.2947998
229.1000061,522.5963745
229.3000031,521.0562744
229.5,519.7695313
229.6999969,519.8901367
229.9000092,520.1307983
230.1000061,521.5020142
230.3000031,522.1030273
230.5,521.2148438
230.6999969,524.0255127
230.9000092,521.6687622
231.1000061,522.1229248
231.3000031,523.0601196
231.5,520.5975342
231.6999969,522.7492065
231.9000092,522.7351685
232.1000061,525.0748291
232.3000031,522.1970215
232.5,522.8838501
232.6999969,522.8292847
232.9000092,523.1242676
233.1000061,520.026123
233.3000031,523.708252
233.5,521.395874
233.6999969,521.7474365
233.9000092,521.7807617
234.1000061,523.8790894
234.3000031,518.3410034
234.5,520.8759766
234.6999969,522.8852539
234.9000092,521.8326416
235.1000061,518.7160645
235.3000031,522.1697998
235.5,519.8914795
235.6999969,524.4768677
235.9000092,523.0401611
236.1000061,522.6987305
236.3000031,521.1621094
236.5,525.0899048
236.6999969,521.9209595
236.9000092,521.3635864
237.1000061,522.2492676
237.3000031,522.2718506
237.5,522.0623779
237.6999969,521.1536865
237.9000092,519.3510132
238.1000061,522.4741211
238.3000031,521.0039063
238.5,524.7734985
238.6999969,521.5737305
238.9000092,525.0115356
239.1000061,522.873291
239.3000031,522.2307129
239.5,524.258606
239.6999969,522.3082886
239.9000092,521.9205322
240.1000061,525.4363403
240.3000031,519.824585
240.5,521.9400024
240.6999969,521.1133423
240.9000092,522.7091064
241.1000061,519.0974121
241.3000031,519.5037842
241.5,521.0079346
241.6999969,521.3271484
241.9000092,516.9540405
242.1000061,517.7854004
242.3000031,519.4085693
242.5,520.2816162
242.6999969,523.1934814
242.9000092,519.1914063
243.1000061,514.3602295
243.3000031,519.6845093
243.5,520.6940308
243.6999969,518.8789673
243.9000092,522.7664185
244.1000061,520.4401855
244.3000031,522.5476074
244.5,526.4169922
244.6999969,307.5041809
244.9000092,3.874396324
245.1000061,0.137774617
245.3000031,0.030629436
245.5,0.070492744
245.6999969,0.052980132
245.9000092,0.071997203
246.1000061,0.207165867
246.3000031,0.162601635
246.5,0.094975784
246.6999969,0.126961291
246.9000092,0.14275226
247.1000061,0.22142376
247.3000031,0.121312603
247.5,0.093589142
247.6999969,0.148545846
247.9000092,0.140574947
248.1000061,0.061451487
248.3000031,0.297038525
248.5,0.02051745
248.6999969,0.134019241
248.9000092,0.132523239
249.1000061,0.150734082
249.3000031,0.020133484
249.5,0.138744369
249.6999969,0.154755652
249.9000092,0
250.1000061,0.020374898
250.3000031,0.184622958
250.5,0.060995445
250.6999969,0.195346847
